{
    "int_rate": {
        "type": "numerical",
        "missing_values": "0",
        "missing_percentage": 0.0,
        "mean": 13.979447,
        "median": 13.68,
        "std": 4.425373724043061,
        "min": 5.42,
        "max": 26.06,
        "percentile_5": 6.967500000000002,
        "percentile_25": 10.99,
        "percentile_75": 17.1,
        "percentile_95": 21.98,
        "skewness": 0.2647814563924062,
        "kurtosis": -0.4700432015814586
    },
    "installment": {
        "type": "numerical",
        "missing_values": "0",
        "missing_percentage": 0.0,
        "mean": 424.53819500000003,
        "median": 375.49,
        "std": 242.36900265289015,
        "min": 21.81,
        "max": 1406.45,
        "percentile_5": 106.47,
        "percentile_25": 252.20749999999998,
        "percentile_75": 556.465,
        "percentile_95": 898.31,
        "skewness": 0.9730796625983192,
        "kurtosis": 0.9153723075579987
    },
    "annual_inc": {
        "type": "numerical",
        "missing_values": "0",
        "missing_percentage": 0.0,
        "mean": 71582.61029200001,
        "median": 61000.0,
        "std": 48635.95291887147,
        "min": 6000.0,
        "max": 1500000.0,
        "percentile_5": 27600.0,
        "percentile_25": 45000.0,
        "percentile_75": 86000.0,
        "percentile_95": 144000.0,
        "skewness": 7.98477937887952,
        "kurtosis": 160.90676544411426
    },
    "loan_amnt": {
        "type": "numerical",
        "missing_values": "0",
        "missing_percentage": 0.0,
        "mean": 13901.9,
        "median": 12000.0,
        "std": 8114.993296461812,
        "min": "1000",
        "max": "35000",
        "percentile_5": 3198.750000000001,
        "percentile_25": 8000.0,
        "percentile_75": 19381.25,
        "percentile_95": 30000.0,
        "skewness": 0.7480129873062038,
        "kurtosis": -0.06317988257164897
    },
    "dti": {
        "type": "numerical",
        "missing_values": "0",
        "missing_percentage": 0.0,
        "mean": 16.448701,
        "median": 16.205,
        "std": 7.607838732755667,
        "min": 0.0,
        "max": 34.99,
        "percentile_5": 4.2895,
        "percentile_25": 10.73,
        "percentile_75": 21.9525,
        "percentile_95": 29.43,
        "skewness": 0.1244894447293303,
        "kurtosis": -0.6389552941137722
    },
    "member_id": {
        "type": "numerical",
        "missing_values": "0",
        "missing_percentage": 0.0,
        "mean": 5407037.5108,
        "median": 5397179.5,
        "std": 3576200.5227554697,
        "min": "98957",
        "max": "12086813",
        "percentile_5": 667122.8,
        "percentile_25": 1803137.25,
        "percentile_75": 8499942.5,
        "percentile_95": 11040541.6,
        "skewness": 0.13343722375310244,
        "kurtosis": -1.3352518608889505
    },
    "id": {
        "type": "numerical",
        "missing_values": "0",
        "missing_percentage": 0.0,
        "mean": 4529738.1374,
        "median": 4375089.0,
        "std": 2987386.893501624,
        "min": "65426",
        "max": "10224658",
        "percentile_5": 516346.85,
        "percentile_25": 1551364.0,
        "percentile_75": 7048246.5,
        "percentile_95": 9236273.45,
        "skewness": 0.14851062358271325,
        "kurtosis": -1.2856902595022426
    },
    "tot_cur_bal": {
        "type": "numerical",
        "missing_values": "2157",
        "missing_percentage": 21.57,
        "mean": 134929.34846359811,
        "median": 80061.0,
        "std": 143635.1989153477,
        "min": 0.0,
        "max": 2000400.0,
        "percentile_5": 8636.1,
        "percentile_25": 27245.5,
        "percentile_75": 205680.5,
        "percentile_95": 410623.5999999999,
        "skewness": 2.0305375790850326,
        "kurtosis": 8.345878064305275
    },
    "total_rev_hi_lim": {
        "type": "numerical",
        "missing_values": "2157",
        "missing_percentage": 21.57,
        "mean": 29426.13974244549,
        "median": 23100.0,
        "std": 25295.05146551506,
        "min": 0.0,
        "max": 333270.0,
        "percentile_5": 6400.0,
        "percentile_25": 13800.0,
        "percentile_75": 36800.0,
        "percentile_95": 73531.49999999999,
        "skewness": 3.4843190197426885,
        "kurtosis": 22.91761140908595
    },
    "revol_bal": {
        "type": "numerical",
        "missing_values": "0",
        "missing_percentage": 0.0,
        "mean": 15562.0247,
        "median": 11778.0,
        "std": 15887.515490923599,
        "min": "0",
        "max": "304792",
        "percentile_5": 1614.6500000000003,
        "percentile_25": 6551.5,
        "percentile_75": 20094.25,
        "percentile_95": 38175.14999999998,
        "skewness": 5.228629080529045,
        "kurtosis": 54.123255347535185
    },
    "total_pymnt_inv": {
        "type": "numerical",
        "missing_values": "0",
        "missing_percentage": 0.0,
        "mean": 13593.182051,
        "median": 11651.07,
        "std": 8895.44470099738,
        "min": 0.0,
        "max": 52014.39,
        "percentile_5": 2535.7410000000004,
        "percentile_25": 7070.545,
        "percentile_75": 18164.8775,
        "percentile_95": 31382.789999999997,
        "skewness": 1.0987115560919174,
        "kurtosis": 1.1525911538623048
    },
    "total_pymnt": {
        "type": "numerical",
        "missing_values": "0",
        "missing_percentage": 0.0,
        "mean": 13731.5754681335,
        "median": 11782.82988,
        "std": 8895.029913701055,
        "min": 0.0,
        "max": 52014.39,
        "percentile_5": 2707.9281779499997,
        "percentile_25": 7197.422500000001,
        "percentile_75": 18260.489142500002,
        "percentile_95": 31540.4597575,
        "skewness": 1.1109745587777857,
        "kurtosis": 1.1943953555907982
    },
    "funded_amnt_inv": {
        "type": "numerical",
        "missing_values": "0",
        "missing_percentage": 0.0,
        "mean": 13699.837113363608,
        "median": 12000.0,
        "std": 8115.299906197975,
        "min": 0.0,
        "max": 35000.0,
        "percentile_5": 3000.0,
        "percentile_25": 7750.0,
        "percentile_75": 19000.0,
        "percentile_95": 30000.0,
        "skewness": 0.754254595069629,
        "kurtosis": -0.034057021010559296
    },
    "funded_amnt": {
        "type": "numerical",
        "missing_values": "0",
        "missing_percentage": 0.0,
        "mean": 13827.425,
        "median": 12000.0,
        "std": 8079.707531015815,
        "min": "1000",
        "max": "35000",
        "percentile_5": 3073.750000000001,
        "percentile_25": 8000.0,
        "percentile_75": 19200.0,
        "percentile_95": 30000.0,
        "skewness": 0.7599491502679774,
        "kurtosis": -0.0324812017105347
    },
    "total_rec_prncp": {
        "type": "numerical",
        "missing_values": "0",
        "missing_percentage": 0.0,
        "mean": 10715.563712,
        "median": 9192.385,
        "std": 7326.372057418292,
        "min": 0.0,
        "max": 35000.02,
        "percentile_5": 1678.2965000000002,
        "percentile_25": 5302.385,
        "percentile_75": 14503.3275,
        "percentile_95": 25000.0,
        "skewness": 1.1079513185173955,
        "kurtosis": 1.0238092202189546
    },
    "last_pymnt_amnt": {
        "type": "numerical",
        "missing_values": "0",
        "missing_percentage": 0.0,
        "mean": 3667.4148519999994,
        "median": 654.405,
        "std": 5691.531491062285,
        "min": 0.0,
        "max": 35635.1,
        "percentile_5": 106.20400000000001,
        "percentile_25": 332.1,
        "percentile_75": 5076.1525,
        "percentile_95": 16558.361999999983,
        "skewness": 2.1773104055043646,
        "kurtosis": 4.887554140826014
    },
    "emp_title": {
        "type": "categorical",
        "unique_values": 8159,
        "missing_values": "608",
        "missing_percentage": 6.08,
        "most_common": "Teacher",
        "most_common_count": 35,
        "most_common_percentage": 0.37265758091993184,
        "value_counts": {
            "Teacher": 35,
            "Manager": 33,
            "US Army": 23,
            "Bank of America": 22,
            "Registered Nurse": 20,
            "Supervisor": 19,
            "USAF": 18,
            "Kaiser Permanente": 16,
            "RN": 14,
            "Sales": 14,
            "AT&T": 14,
            "Department of Defense": 13,
            "Office Manager": 13,
            "Director": 13,
            "United States Postal Service": 12,
            "Wells Fargo": 12,
            "US Postal Service": 12,
            "Walmart": 11,
            "Assistant Manager": 11,
            "IBM": 10
        },
        "value_percentages": {
            "Teacher": 0.37265758091993184,
            "Manager": 0.3513628620102215,
            "US Army": 0.24488926746166953,
            "Bank of America": 0.23424190800681433,
            "Registered Nurse": 0.21294718909710392,
            "Supervisor": 0.2022998296422487,
            "USAF": 0.19165247018739354,
            "Kaiser Permanente": 0.17035775127768313,
            "RN": 0.14906303236797275,
            "Sales": 0.14906303236797275,
            "AT&T": 0.14906303236797275,
            "Department of Defense": 0.13841567291311754,
            "Office Manager": 0.13841567291311754,
            "Director": 0.13841567291311754,
            "United States Postal Service": 0.12776831345826234,
            "Wells Fargo": 0.12776831345826234,
            "US Postal Service": 0.12776831345826234,
            "Walmart": 0.11712095400340716,
            "Assistant Manager": 0.11712095400340716,
            "IBM": 0.10647359454855196
        }
    },
    "desc": {
        "type": "categorical",
        "unique_values": 4577,
        "missing_values": "5408",
        "missing_percentage": 54.08,
        "most_common": " ",
        "most_common_count": 9,
        "most_common_percentage": 0.19599303135888502,
        "value_counts": {
            " ": 9,
            "  Borrower added on 08/19/13 > debt consolidation<br>": 3,
            "  Borrower added on 07/25/13 > Debt consolidation<br>": 2,
            "Debt Consolidation": 2,
            "  Borrower added on 02/10/13 > debt consolidation<br>": 2,
            "  Borrower added on 10/09/13 > To pay off credit cards<br>": 2,
            "  Borrower added on 08/21/13 > Debt consolidation<br>": 2,
            "  Borrower added on 02/26/13 > This is a loan to get out of debt faster and at lower rate than some credit cards that i have. this to me is a smart finacial decision.<br>": 1,
            "  Borrower added on 03/08/13 > I need to consolidate my debt and finally pay off my cards where the interest payments are just constantly increasing.<br>": 1,
            "  Borrower added on 02/24/13 > Loan is for consolidation of taxes, medical expenses and two other debts..  This will help to reduce my debt load and make it easier to pay my bills.<br>": 1,
            "  Borrower added on 02/12/13 > Debt consolidation and refinance of existing debt.<br>": 1,
            "  Borrower added on 03/04/13 > pay off debt<br>": 1,
            "  Borrower added on 03/06/13 > I have been paying the minimum payment plus fifty dollars every month on a credit card for over five years.  I have only seen the balance go down one thousand dollars.  If I continue this trend, it will take me 55 years to pay it off.<br><br>  Borrower added on 03/12/13 > I have not missed a payment on any loan for the last 5 years and my job is stable.<br>": 1,
            "  Borrower added on 11/24/11 > This is the perfect way for me to be able my credit card debt since I feel in a very stable financial position now after a recent promotion on the company I have worked for over four years. It will allow me to pay my debt; and, at the same time, it will allow me to keep extra cash every month. Thank you for taking me on consideration for this opportunities.<br>": 1,
            "  Borrower added on 04/04/13 > I would like to consolidate all my debts into one account if possible so that I may be in better position in managing my financial matters going forward.<br>": 1,
            "  Borrower added on 03/25/13 > take care of credit card debt<br>": 1,
            "  Borrower added on 02/19/13 > I like to use the loan to pay off some other credit cards at higher interest rate<br><br> Borrower added on 02/19/13 > The loan is to pay off my other loans at a higher interest rate in credit card<br><br> Borrower added on 02/19/13 > The loans to pay off a credit cards and personal loan at a higher interest rate<br><br> Borrower added on 02/19/13 > to pay off three credit card in to one at a lower rate<br><br>  Borrower added on 02/20/13 > paying off a higher interest rate loans.<br>": 1,
            "  Borrower added on 03/11/13 > Trying to knock out balances on credit cards at low interest rates and without tapping into long term savings, etc.<br>": 1,
            "  Borrower added on 04/17/13 > Loan to fund a pool fence<br>": 1,
            "  Borrower added on 02/07/13 > I am have been trying to pay off my credit cards for years. With this loan it will enable me to follow through and save for retirement.<br>": 1
        },
        "value_percentages": {
            " ": 0.19599303135888502,
            "  Borrower added on 08/19/13 > debt consolidation<br>": 0.06533101045296168,
            "  Borrower added on 07/25/13 > Debt consolidation<br>": 0.04355400696864112,
            "Debt Consolidation": 0.04355400696864112,
            "  Borrower added on 02/10/13 > debt consolidation<br>": 0.04355400696864112,
            "  Borrower added on 10/09/13 > To pay off credit cards<br>": 0.04355400696864112,
            "  Borrower added on 08/21/13 > Debt consolidation<br>": 0.04355400696864112,
            "  Borrower added on 02/26/13 > This is a loan to get out of debt faster and at lower rate than some credit cards that i have. this to me is a smart finacial decision.<br>": 0.02177700348432056,
            "  Borrower added on 03/08/13 > I need to consolidate my debt and finally pay off my cards where the interest payments are just constantly increasing.<br>": 0.02177700348432056,
            "  Borrower added on 02/24/13 > Loan is for consolidation of taxes, medical expenses and two other debts..  This will help to reduce my debt load and make it easier to pay my bills.<br>": 0.02177700348432056,
            "  Borrower added on 02/12/13 > Debt consolidation and refinance of existing debt.<br>": 0.02177700348432056,
            "  Borrower added on 03/04/13 > pay off debt<br>": 0.02177700348432056,
            "  Borrower added on 03/06/13 > I have been paying the minimum payment plus fifty dollars every month on a credit card for over five years.  I have only seen the balance go down one thousand dollars.  If I continue this trend, it will take me 55 years to pay it off.<br><br>  Borrower added on 03/12/13 > I have not missed a payment on any loan for the last 5 years and my job is stable.<br>": 0.02177700348432056,
            "  Borrower added on 11/24/11 > This is the perfect way for me to be able my credit card debt since I feel in a very stable financial position now after a recent promotion on the company I have worked for over four years. It will allow me to pay my debt; and, at the same time, it will allow me to keep extra cash every month. Thank you for taking me on consideration for this opportunities.<br>": 0.02177700348432056,
            "  Borrower added on 04/04/13 > I would like to consolidate all my debts into one account if possible so that I may be in better position in managing my financial matters going forward.<br>": 0.02177700348432056,
            "  Borrower added on 03/25/13 > take care of credit card debt<br>": 0.02177700348432056,
            "  Borrower added on 02/19/13 > I like to use the loan to pay off some other credit cards at higher interest rate<br><br> Borrower added on 02/19/13 > The loan is to pay off my other loans at a higher interest rate in credit card<br><br> Borrower added on 02/19/13 > The loans to pay off a credit cards and personal loan at a higher interest rate<br><br> Borrower added on 02/19/13 > to pay off three credit card in to one at a lower rate<br><br>  Borrower added on 02/20/13 > paying off a higher interest rate loans.<br>": 0.02177700348432056,
            "  Borrower added on 03/11/13 > Trying to knock out balances on credit cards at low interest rates and without tapping into long term savings, etc.<br>": 0.02177700348432056,
            "  Borrower added on 04/17/13 > Loan to fund a pool fence<br>": 0.02177700348432056,
            "  Borrower added on 02/07/13 > I am have been trying to pay off my credit cards for years. With this loan it will enable me to follow through and save for retirement.<br>": 0.02177700348432056
        }
    },
    "title": {
        "type": "categorical",
        "unique_values": 4113,
        "missing_values": "3",
        "missing_percentage": 0.03,
        "most_common": "Debt consolidation",
        "most_common_count": 1055,
        "most_common_percentage": 10.553165949784935,
        "value_counts": {
            "Debt consolidation": 1055,
            "Debt Consolidation": 671,
            "Credit card refinancing": 399,
            "Consolidation": 238,
            "debt consolidation": 224,
            "Debt Consolidation Loan": 153,
            "Other": 113,
            "Home improvement": 101,
            "Credit Card Consolidation": 96,
            "consolidation": 93,
            "Personal Loan": 92,
            "Consolidation Loan": 86,
            "Home Improvement": 72,
            "Consolidate": 59,
            "Credit Card Refinance": 55,
            "Credit Card Payoff": 54,
            "Personal": 53,
            "Loan": 49,
            "Major purchase": 36,
            "Business": 35
        },
        "value_percentages": {
            "Debt consolidation": 10.553165949784935,
            "Debt Consolidation": 6.712013604081224,
            "Credit card refinancing": 3.9911973592077628,
            "Consolidation": 2.3807142142642794,
            "debt consolidation": 2.240672201660498,
            "Debt Consolidation Loan": 1.5304591377413224,
            "Other": 1.130339101730519,
            "Home improvement": 1.010303090927278,
            "Credit Card Consolidation": 0.9602880864259278,
            "consolidation": 0.9302790837251175,
            "Personal Loan": 0.9202760828248474,
            "Consolidation Loan": 0.8602580774232269,
            "Home Improvement": 0.7202160648194458,
            "Consolidate": 0.5901770531159348,
            "Credit Card Refinance": 0.5501650495148545,
            "Credit Card Payoff": 0.5401620486145844,
            "Personal": 0.5301590477143143,
            "Loan": 0.49014704411323395,
            "Major purchase": 0.3601080324097229,
            "Business": 0.3501050315094528
        }
    }
}