{
    "basic_stats": {
        "shape": [
            10000,
            73
        ],
        "columns": [
            "id",
            "member_id",
            "loan_amnt",
            "funded_amnt",
            "funded_amnt_inv",
            "term",
            "int_rate",
            "installment",
            "grade",
            "sub_grade",
            "emp_title",
            "emp_length",
            "home_ownership",
            "annual_inc",
            "verification_status",
            "issue_d",
            "pymnt_plan",
            "desc",
            "purpose",
            "title",
            "zip_code",
            "addr_state",
            "dti",
            "delinq_2yrs",
            "earliest_cr_line",
            "inq_last_6mths",
            "mths_since_last_delinq",
            "mths_since_last_record",
            "open_acc",
            "pub_rec",
            "revol_bal",
            "revol_util",
            "total_acc",
            "initial_list_status",
            "out_prncp",
            "out_prncp_inv",
            "total_pymnt",
            "total_pymnt_inv",
            "total_rec_prncp",
            "total_rec_int",
            "total_rec_late_fee",
            "recoveries",
            "collection_recovery_fee",
            "last_pymnt_d",
            "last_pymnt_amnt",
            "next_pymnt_d",
            "last_credit_pull_d",
            "collections_12_mths_ex_med",
            "mths_since_last_major_derog",
            "policy_code",
            "application_type",
            "annual_inc_joint",
            "dti_joint",
            "verification_status_joint",
            "acc_now_delinq",
            "tot_coll_amt",
            "tot_cur_bal",
            "open_acc_6m",
            "open_il_6m",
            "open_il_12m",
            "open_il_24m",
            "mths_since_rcnt_il",
            "total_bal_il",
            "il_util",
            "open_rv_12m",
            "open_rv_24m",
            "max_bal_bc",
            "all_util",
            "total_rev_hi_lim",
            "inq_fi",
            "total_cu_tl",
            "inq_last_12m",
            "default_ind"
        ],
        "data_types": {
            "id": "int64",
            "member_id": "int64",
            "loan_amnt": "int64",
            "funded_amnt": "int64",
            "funded_amnt_inv": "float64",
            "term": "object",
            "int_rate": "float64",
            "installment": "float64",
            "grade": "object",
            "sub_grade": "object",
            "emp_title": "object",
            "emp_length": "object",
            "home_ownership": "object",
            "annual_inc": "float64",
            "verification_status": "object",
            "issue_d": "object",
            "pymnt_plan": "object",
            "desc": "object",
            "purpose": "object",
            "title": "object",
            "zip_code": "object",
            "addr_state": "object",
            "dti": "float64",
            "delinq_2yrs": "int64",
            "earliest_cr_line": "object",
            "inq_last_6mths": "int64",
            "mths_since_last_delinq": "float64",
            "mths_since_last_record": "float64",
            "open_acc": "int64",
            "pub_rec": "int64",
            "revol_bal": "int64",
            "revol_util": "float64",
            "total_acc": "int64",
            "initial_list_status": "object",
            "out_prncp": "float64",
            "out_prncp_inv": "float64",
            "total_pymnt": "float64",
            "total_pymnt_inv": "float64",
            "total_rec_prncp": "float64",
            "total_rec_int": "float64",
            "total_rec_late_fee": "float64",
            "recoveries": "float64",
            "collection_recovery_fee": "float64",
            "last_pymnt_d": "object",
            "last_pymnt_amnt": "float64",
            "next_pymnt_d": "object",
            "last_credit_pull_d": "object",
            "collections_12_mths_ex_med": "float64",
            "mths_since_last_major_derog": "float64",
            "policy_code": "int64",
            "application_type": "object",
            "annual_inc_joint": "float64",
            "dti_joint": "float64",
            "verification_status_joint": "float64",
            "acc_now_delinq": "int64",
            "tot_coll_amt": "float64",
            "tot_cur_bal": "float64",
            "open_acc_6m": "float64",
            "open_il_6m": "float64",
            "open_il_12m": "float64",
            "open_il_24m": "float64",
            "mths_since_rcnt_il": "float64",
            "total_bal_il": "float64",
            "il_util": "float64",
            "open_rv_12m": "float64",
            "open_rv_24m": "float64",
            "max_bal_bc": "float64",
            "all_util": "float64",
            "total_rev_hi_lim": "float64",
            "inq_fi": "float64",
            "total_cu_tl": "float64",
            "inq_last_12m": "float64",
            "default_ind": "int64"
        },
        "missing_values": {
            "id": 0,
            "member_id": 0,
            "loan_amnt": 0,
            "funded_amnt": 0,
            "funded_amnt_inv": 0,
            "term": 0,
            "int_rate": 0,
            "installment": 0,
            "grade": 0,
            "sub_grade": 0,
            "emp_title": 608,
            "emp_length": 384,
            "home_ownership": 0,
            "annual_inc": 0,
            "verification_status": 0,
            "issue_d": 0,
            "pymnt_plan": 0,
            "desc": 5408,
            "purpose": 0,
            "title": 3,
            "zip_code": 0,
            "addr_state": 0,
            "dti": 0,
            "delinq_2yrs": 0,
            "earliest_cr_line": 0,
            "inq_last_6mths": 0,
            "mths_since_last_delinq": 5695,
            "mths_since_last_record": 9022,
            "open_acc": 0,
            "pub_rec": 0,
            "revol_bal": 0,
            "revol_util": 9,
            "total_acc": 0,
            "initial_list_status": 0,
            "out_prncp": 0,
            "out_prncp_inv": 0,
            "total_pymnt": 0,
            "total_pymnt_inv": 0,
            "total_rec_prncp": 0,
            "total_rec_int": 0,
            "total_rec_late_fee": 0,
            "recoveries": 0,
            "collection_recovery_fee": 0,
            "last_pymnt_d": 18,
            "last_pymnt_amnt": 0,
            "next_pymnt_d": 6847,
            "last_credit_pull_d": 0,
            "collections_12_mths_ex_med": 1,
            "mths_since_last_major_derog": 8356,
            "policy_code": 0,
            "application_type": 0,
            "annual_inc_joint": 10000,
            "dti_joint": 10000,
            "verification_status_joint": 10000,
            "acc_now_delinq": 0,
            "tot_coll_amt": 2157,
            "tot_cur_bal": 2157,
            "open_acc_6m": 10000,
            "open_il_6m": 10000,
            "open_il_12m": 10000,
            "open_il_24m": 10000,
            "mths_since_rcnt_il": 10000,
            "total_bal_il": 10000,
            "il_util": 10000,
            "open_rv_12m": 10000,
            "open_rv_24m": 10000,
            "max_bal_bc": 10000,
            "all_util": 10000,
            "total_rev_hi_lim": 2157,
            "inq_fi": 10000,
            "total_cu_tl": 10000,
            "inq_last_12m": 10000,
            "default_ind": 0
        },
        "missing_percentage": {
            "id": 0.0,
            "member_id": 0.0,
            "loan_amnt": 0.0,
            "funded_amnt": 0.0,
            "funded_amnt_inv": 0.0,
            "term": 0.0,
            "int_rate": 0.0,
            "installment": 0.0,
            "grade": 0.0,
            "sub_grade": 0.0,
            "emp_title": 6.08,
            "emp_length": 3.84,
            "home_ownership": 0.0,
            "annual_inc": 0.0,
            "verification_status": 0.0,
            "issue_d": 0.0,
            "pymnt_plan": 0.0,
            "desc": 54.08,
            "purpose": 0.0,
            "title": 0.03,
            "zip_code": 0.0,
            "addr_state": 0.0,
            "dti": 0.0,
            "delinq_2yrs": 0.0,
            "earliest_cr_line": 0.0,
            "inq_last_6mths": 0.0,
            "mths_since_last_delinq": 56.95,
            "mths_since_last_record": 90.22,
            "open_acc": 0.0,
            "pub_rec": 0.0,
            "revol_bal": 0.0,
            "revol_util": 0.09,
            "total_acc": 0.0,
            "initial_list_status": 0.0,
            "out_prncp": 0.0,
            "out_prncp_inv": 0.0,
            "total_pymnt": 0.0,
            "total_pymnt_inv": 0.0,
            "total_rec_prncp": 0.0,
            "total_rec_int": 0.0,
            "total_rec_late_fee": 0.0,
            "recoveries": 0.0,
            "collection_recovery_fee": 0.0,
            "last_pymnt_d": 0.18,
            "last_pymnt_amnt": 0.0,
            "next_pymnt_d": 68.47,
            "last_credit_pull_d": 0.0,
            "collections_12_mths_ex_med": 0.01,
            "mths_since_last_major_derog": 83.56,
            "policy_code": 0.0,
            "application_type": 0.0,
            "annual_inc_joint": 100.0,
            "dti_joint": 100.0,
            "verification_status_joint": 100.0,
            "acc_now_delinq": 0.0,
            "tot_coll_amt": 21.57,
            "tot_cur_bal": 21.57,
            "open_acc_6m": 100.0,
            "open_il_6m": 100.0,
            "open_il_12m": 100.0,
            "open_il_24m": 100.0,
            "mths_since_rcnt_il": 100.0,
            "total_bal_il": 100.0,
            "il_util": 100.0,
            "open_rv_12m": 100.0,
            "open_rv_24m": 100.0,
            "max_bal_bc": 100.0,
            "all_util": 100.0,
            "total_rev_hi_lim": 21.57,
            "inq_fi": 100.0,
            "total_cu_tl": 100.0,
            "inq_last_12m": 100.0,
            "default_ind": 0.0
        },
        "target_variable": {
            "type": "categorical",
            "classes": [
                "A",
                "B",
                "C",
                "D",
                "G",
                "E",
                "F"
            ],
            "distribution": {
                "B": 3252,
                "C": 2544,
                "A": 1639,
                "D": 1523,
                "E": 666,
                "F": 317,
                "G": 59
            },
            "class_balance": {
                "B": 0.3252,
                "C": 0.2544,
                "A": 0.1639,
                "D": 0.1523,
                "E": 0.0666,
                "F": 0.0317,
                "G": 0.0059
            }
        },
        "correlation_matrix_path": "reports/data/correlation_matrix.csv"
    },
    "numerical_stats": {
        "id": {
            "count": 10000.0,
            "mean": 4529738.1374,
            "std": 2987386.893501624,
            "min": 65426.0,
            "25%": 1551364.0,
            "50%": 4375089.0,
            "75%": 7048246.5,
            "max": 10224658.0,
            "skewness": 0.14851062358271325,
            "kurtosis": -1.2856902595022426
        },
        "member_id": {
            "count": 10000.0,
            "mean": 5407037.5108,
            "std": 3576200.5227554697,
            "min": 98957.0,
            "25%": 1803137.25,
            "50%": 5397179.5,
            "75%": 8499942.5,
            "max": 12086813.0,
            "skewness": 0.13343722375310244,
            "kurtosis": -1.3352518608889505
        },
        "loan_amnt": {
            "count": 10000.0,
            "mean": 13901.9,
            "std": 8114.993296461812,
            "min": 1000.0,
            "25%": 8000.0,
            "50%": 12000.0,
            "75%": 19381.25,
            "max": 35000.0,
            "skewness": 0.7480129873062038,
            "kurtosis": -0.06317988257164897
        },
        "funded_amnt": {
            "count": 10000.0,
            "mean": 13827.425,
            "std": 8079.707531015815,
            "min": 1000.0,
            "25%": 8000.0,
            "50%": 12000.0,
            "75%": 19200.0,
            "max": 35000.0,
            "skewness": 0.7599491502679774,
            "kurtosis": -0.0324812017105347
        },
        "funded_amnt_inv": {
            "count": 10000.0,
            "mean": 13699.837113363608,
            "std": 8115.299906197975,
            "min": 0.0,
            "25%": 7750.0,
            "50%": 12000.0,
            "75%": 19000.0,
            "max": 35000.0,
            "skewness": 0.754254595069629,
            "kurtosis": -0.034057021010559296
        },
        "int_rate": {
            "count": 10000.0,
            "mean": 13.979447,
            "std": 4.425373724043061,
            "min": 5.42,
            "25%": 10.99,
            "50%": 13.68,
            "75%": 17.1,
            "max": 26.06,
            "skewness": 0.2647814563924062,
            "kurtosis": -0.4700432015814586
        },
        "installment": {
            "count": 10000.0,
            "mean": 424.53819500000003,
            "std": 242.36900265289015,
            "min": 21.81,
            "25%": 252.20749999999998,
            "50%": 375.49,
            "75%": 556.465,
            "max": 1406.45,
            "skewness": 0.9730796625983192,
            "kurtosis": 0.9153723075579987
        },
        "annual_inc": {
            "count": 10000.0,
            "mean": 71582.61029200001,
            "std": 48635.95291887147,
            "min": 6000.0,
            "25%": 45000.0,
            "50%": 61000.0,
            "75%": 86000.0,
            "max": 1500000.0,
            "skewness": 7.98477937887952,
            "kurtosis": 160.90676544411426
        },
        "dti": {
            "count": 10000.0,
            "mean": 16.448701,
            "std": 7.607838732755667,
            "min": 0.0,
            "25%": 10.73,
            "50%": 16.205,
            "75%": 21.9525,
            "max": 34.99,
            "skewness": 0.1244894447293303,
            "kurtosis": -0.6389552941137722
        },
        "delinq_2yrs": {
            "count": 10000.0,
            "mean": 0.2227,
            "std": 0.6665951881873221,
            "min": 0.0,
            "25%": 0.0,
            "50%": 0.0,
            "75%": 0.0,
            "max": 12.0,
            "skewness": 5.491213940061817,
            "kurtosis": 52.21213854069541
        },
        "inq_last_6mths": {
            "count": 10000.0,
            "mean": 0.8286,
            "std": 1.0674905121823612,
            "min": 0.0,
            "25%": 0.0,
            "50%": 0.0,
            "75%": 1.0,
            "max": 8.0,
            "skewness": 1.5138212789010055,
            "kurtosis": 2.7351047926886465
        },
        "mths_since_last_delinq": {
            "count": 4305.0,
            "mean": 35.48850174216028,
            "std": 21.843721295731505,
            "min": 0.0,
            "25%": 17.0,
            "50%": 33.0,
            "75%": 50.0,
            "max": 141.0,
            "skewness": 0.4156630247237796,
            "kurtosis": -0.7454558715895274
        },
        "mths_since_last_record": {
            "count": 978.0,
            "mean": 83.71165644171779,
            "std": 30.49990665818837,
            "min": 0.0,
            "25%": 64.0,
            "50%": 95.0,
            "75%": 107.0,
            "max": 119.0,
            "skewness": -1.1004426762599466,
            "kurtosis": 0.3897886388734837
        },
        "open_acc": {
            "count": 10000.0,
            "mean": 10.8258,
            "std": 4.66853658905961,
            "min": 1.0,
            "25%": 7.0,
            "50%": 10.0,
            "75%": 13.0,
            "max": 38.0,
            "skewness": 0.8942091337283148,
            "kurtosis": 1.2243006143620607
        },
        "pub_rec": {
            "count": 10000.0,
            "mean": 0.1062,
            "std": 0.35851696395197835,
            "min": 0.0,
            "25%": 0.0,
            "50%": 0.0,
            "75%": 0.0,
            "max": 6.0,
            "skewness": 4.503245475384575,
            "kurtosis": 31.067213186894147
        },
        "revol_bal": {
            "count": 10000.0,
            "mean": 15562.0247,
            "std": 15887.515490923599,
            "min": 0.0,
            "25%": 6551.5,
            "50%": 11778.0,
            "75%": 20094.25,
            "max": 304792.0,
            "skewness": 5.228629080529045,
            "kurtosis": 54.123255347535185
        },
        "revol_util": {
            "count": 9991.0,
            "mean": 56.11893904514062,
            "std": 24.43257261321222,
            "min": 0.0,
            "25%": 38.7,
            "50%": 58.4,
            "75%": 75.5,
            "max": 128.1,
            "skewness": -0.3452703114094821,
            "kurtosis": -0.6771499087632309
        },
        "total_acc": {
            "count": 10000.0,
            "mean": 24.3291,
            "std": 11.18899962289999,
            "min": 3.0,
            "25%": 16.0,
            "50%": 23.0,
            "75%": 31.0,
            "max": 70.0,
            "skewness": 0.7231203742141314,
            "kurtosis": 0.4699513710558252
        },
        "out_prncp": {
            "count": 10000.0,
            "mean": 1826.075255,
            "std": 4101.369978612623,
            "min": 0.0,
            "25%": 0.0,
            "50%": 0.0,
            "75%": 1435.8075,
            "max": 25678.2,
            "skewness": 2.8609149300001637,
            "kurtosis": 8.414554798977528
        },
        "out_prncp_inv": {
            "count": 10000.0,
            "mean": 1825.0082960000002,
            "std": 4099.391031881216,
            "min": 0.0,
            "25%": 0.0,
            "50%": 0.0,
            "75%": 1433.9875,
            "max": 25659.86,
            "skewness": 2.861698382813757,
            "kurtosis": 8.42087513939477
        },
        "total_pymnt": {
            "count": 10000.0,
            "mean": 13731.5754681335,
            "std": 8895.029913701055,
            "min": 0.0,
            "25%": 7197.422500000001,
            "50%": 11782.82988,
            "75%": 18260.489142500002,
            "max": 52014.39,
            "skewness": 1.1109745587777857,
            "kurtosis": 1.1943953555907982
        },
        "total_pymnt_inv": {
            "count": 10000.0,
            "mean": 13593.182051,
            "std": 8895.44470099738,
            "min": 0.0,
            "25%": 7070.545,
            "50%": 11651.07,
            "75%": 18164.8775,
            "max": 52014.39,
            "skewness": 1.0987115560919174,
            "kurtosis": 1.1525911538623048
        },
        "total_rec_prncp": {
            "count": 10000.0,
            "mean": 10715.563712,
            "std": 7326.372057418292,
            "min": 0.0,
            "25%": 5302.385,
            "50%": 9192.385,
            "75%": 14503.3275,
            "max": 35000.02,
            "skewness": 1.1079513185173955,
            "kurtosis": 1.0238092202189546
        },
        "total_rec_int": {
            "count": 10000.0,
            "mean": 2894.793809,
            "std": 2866.8416611490793,
            "min": 0.0,
            "25%": 1030.4925,
            "50%": 1956.46,
            "75%": 3638.9925000000003,
            "max": 22745.22,
            "skewness": 2.117731338972545,
            "kurtosis": 5.442164533668313
        },
        "total_rec_late_fee": {
            "count": 10000.0,
            "mean": 0.7116211099791,
            "std": 5.380654395327713,
            "min": 0.0,
            "25%": 0.0,
            "50%": 0.0,
            "75%": 0.0,
            "max": 127.7878136,
            "skewness": 10.949646128475319,
            "kurtosis": 156.87462891184373
        },
        "recoveries": {
            "count": 10000.0,
            "mean": 120.50634000000001,
            "std": 611.9210203234693,
            "min": 0.0,
            "25%": 0.0,
            "50%": 0.0,
            "75%": 0.0,
            "max": 12325.0,
            "skewness": 8.522656083668814,
            "kurtosis": 103.04275318497267
        },
        "collection_recovery_fee": {
            "count": 10000.0,
            "mean": 11.252584959999801,
            "std": 93.03979614722866,
            "min": 0.0,
            "25%": 0.0,
            "50%": 0.0,
            "75%": 0.0,
            "max": 3902.2085,
            "skewness": 17.331239920025848,
            "kurtosis": 472.50598145329974
        },
        "last_pymnt_amnt": {
            "count": 10000.0,
            "mean": 3667.4148519999994,
            "std": 5691.531491062285,
            "min": 0.0,
            "25%": 332.1,
            "50%": 654.405,
            "75%": 5076.1525,
            "max": 35635.1,
            "skewness": 2.1773104055043646,
            "kurtosis": 4.887554140826014
        },
        "collections_12_mths_ex_med": {
            "count": 9999.0,
            "mean": 0.0021002100210021,
            "std": 0.0457821882472653,
            "min": 0.0,
            "25%": 0.0,
            "50%": 0.0,
            "75%": 0.0,
            "max": 1.0,
            "skewness": 21.755159326605273,
            "kurtosis": 471.38124296501536
        },
        "mths_since_last_major_derog": {
            "count": 1644.0,
            "mean": 42.41301703163017,
            "std": 20.900607635537938,
            "min": 0.0,
            "25%": 26.0,
            "50%": 42.0,
            "75%": 60.0,
            "max": 141.0,
            "skewness": 0.17948582306490835,
            "kurtosis": -0.6863406284066582
        },
        "policy_code": {
            "count": 10000.0,
            "mean": 1.0,
            "std": 0.0,
            "min": 1.0,
            "25%": 1.0,
            "50%": 1.0,
            "75%": 1.0,
            "max": 1.0,
            "skewness": 0.0,
            "kurtosis": 0.0
        },
        "annual_inc_joint": {
            "count": 0.0,
            "mean": NaN,
            "std": NaN,
            "min": NaN,
            "25%": NaN,
            "50%": NaN,
            "75%": NaN,
            "max": NaN,
            "skewness": NaN,
            "kurtosis": NaN
        },
        "dti_joint": {
            "count": 0.0,
            "mean": NaN,
            "std": NaN,
            "min": NaN,
            "25%": NaN,
            "50%": NaN,
            "75%": NaN,
            "max": NaN,
            "skewness": NaN,
            "kurtosis": NaN
        },
        "verification_status_joint": {
            "count": 0.0,
            "mean": NaN,
            "std": NaN,
            "min": NaN,
            "25%": NaN,
            "50%": NaN,
            "75%": NaN,
            "max": NaN,
            "skewness": NaN,
            "kurtosis": NaN
        },
        "acc_now_delinq": {
            "count": 10000.0,
            "mean": 0.0032,
            "std": 0.0760942772743351,
            "min": 0.0,
            "25%": 0.0,
            "50%": 0.0,
            "75%": 0.0,
            "max": 4.0,
            "skewness": 35.74374271557253,
            "kurtosis": 1632.541004366992
        },
        "tot_coll_amt": {
            "count": 7843.0,
            "mean": 84.66530664286626,
            "std": 983.5744404890839,
            "min": 0.0,
            "25%": 0.0,
            "50%": 0.0,
            "75%": 0.0,
            "max": 44183.0,
            "skewness": 26.436072452312906,
            "kurtosis": 878.1847249587177
        },
        "tot_cur_bal": {
            "count": 7843.0,
            "mean": 134929.34846359811,
            "std": 143635.1989153477,
            "min": 0.0,
            "25%": 27245.5,
            "50%": 80061.0,
            "75%": 205680.5,
            "max": 2000400.0,
            "skewness": 2.0305375790850326,
            "kurtosis": 8.345878064305275
        },
        "open_acc_6m": {
            "count": 0.0,
            "mean": NaN,
            "std": NaN,
            "min": NaN,
            "25%": NaN,
            "50%": NaN,
            "75%": NaN,
            "max": NaN,
            "skewness": NaN,
            "kurtosis": NaN
        },
        "open_il_6m": {
            "count": 0.0,
            "mean": NaN,
            "std": NaN,
            "min": NaN,
            "25%": NaN,
            "50%": NaN,
            "75%": NaN,
            "max": NaN,
            "skewness": NaN,
            "kurtosis": NaN
        },
        "open_il_12m": {
            "count": 0.0,
            "mean": NaN,
            "std": NaN,
            "min": NaN,
            "25%": NaN,
            "50%": NaN,
            "75%": NaN,
            "max": NaN,
            "skewness": NaN,
            "kurtosis": NaN
        },
        "open_il_24m": {
            "count": 0.0,
            "mean": NaN,
            "std": NaN,
            "min": NaN,
            "25%": NaN,
            "50%": NaN,
            "75%": NaN,
            "max": NaN,
            "skewness": NaN,
            "kurtosis": NaN
        },
        "mths_since_rcnt_il": {
            "count": 0.0,
            "mean": NaN,
            "std": NaN,
            "min": NaN,
            "25%": NaN,
            "50%": NaN,
            "75%": NaN,
            "max": NaN,
            "skewness": NaN,
            "kurtosis": NaN
        },
        "total_bal_il": {
            "count": 0.0,
            "mean": NaN,
            "std": NaN,
            "min": NaN,
            "25%": NaN,
            "50%": NaN,
            "75%": NaN,
            "max": NaN,
            "skewness": NaN,
            "kurtosis": NaN
        },
        "il_util": {
            "count": 0.0,
            "mean": NaN,
            "std": NaN,
            "min": NaN,
            "25%": NaN,
            "50%": NaN,
            "75%": NaN,
            "max": NaN,
            "skewness": NaN,
            "kurtosis": NaN
        },
        "open_rv_12m": {
            "count": 0.0,
            "mean": NaN,
            "std": NaN,
            "min": NaN,
            "25%": NaN,
            "50%": NaN,
            "75%": NaN,
            "max": NaN,
            "skewness": NaN,
            "kurtosis": NaN
        },
        "open_rv_24m": {
            "count": 0.0,
            "mean": NaN,
            "std": NaN,
            "min": NaN,
            "25%": NaN,
            "50%": NaN,
            "75%": NaN,
            "max": NaN,
            "skewness": NaN,
            "kurtosis": NaN
        },
        "max_bal_bc": {
            "count": 0.0,
            "mean": NaN,
            "std": NaN,
            "min": NaN,
            "25%": NaN,
            "50%": NaN,
            "75%": NaN,
            "max": NaN,
            "skewness": NaN,
            "kurtosis": NaN
        },
        "all_util": {
            "count": 0.0,
            "mean": NaN,
            "std": NaN,
            "min": NaN,
            "25%": NaN,
            "50%": NaN,
            "75%": NaN,
            "max": NaN,
            "skewness": NaN,
            "kurtosis": NaN
        },
        "total_rev_hi_lim": {
            "count": 7843.0,
            "mean": 29426.13974244549,
            "std": 25295.05146551506,
            "min": 0.0,
            "25%": 13800.0,
            "50%": 23100.0,
            "75%": 36800.0,
            "max": 333270.0,
            "skewness": 3.484319019742688,
            "kurtosis": 22.917611409085957
        },
        "inq_fi": {
            "count": 0.0,
            "mean": NaN,
            "std": NaN,
            "min": NaN,
            "25%": NaN,
            "50%": NaN,
            "75%": NaN,
            "max": NaN,
            "skewness": NaN,
            "kurtosis": NaN
        },
        "total_cu_tl": {
            "count": 0.0,
            "mean": NaN,
            "std": NaN,
            "min": NaN,
            "25%": NaN,
            "50%": NaN,
            "75%": NaN,
            "max": NaN,
            "skewness": NaN,
            "kurtosis": NaN
        },
        "inq_last_12m": {
            "count": 0.0,
            "mean": NaN,
            "std": NaN,
            "min": NaN,
            "25%": NaN,
            "50%": NaN,
            "75%": NaN,
            "max": NaN,
            "skewness": NaN,
            "kurtosis": NaN
        },
        "default_ind": {
            "count": 10000.0,
            "mean": 0.1257,
            "std": 0.3315275268361664,
            "min": 0.0,
            "25%": 0.0,
            "50%": 0.0,
            "75%": 0.0,
            "max": 1.0,
            "skewness": 2.2584844072993233,
            "kurtosis": 3.1013720524330712
        }
    },
    "categorical_stats": {
        "term": {
            "unique_values": 2,
            "top_values": {
                " 36 months": 7530,
                " 60 months": 2470
            },
            "distribution": {
                "values": [
                    " 36 months",
                    " 60 months"
                ],
                "counts": [
                    7530,
                    2470
                ]
            }
        },
        "grade": {
            "unique_values": 7,
            "top_values": {
                "B": 3252,
                "C": 2544,
                "A": 1639,
                "D": 1523,
                "E": 666,
                "F": 317,
                "G": 59
            },
            "distribution": {
                "values": [
                    "B",
                    "C",
                    "A",
                    "D",
                    "E",
                    "F",
                    "G"
                ],
                "counts": [
                    3252,
                    2544,
                    1639,
                    1523,
                    666,
                    317,
                    59
                ]
            }
        },
        "sub_grade": {
            "unique_values": 35,
            "top_values": {
                "B3": 819,
                "B4": 737,
                "B2": 639,
                "C1": 546,
                "B1": 532,
                "B5": 525,
                "C4": 508,
                "C2": 505,
                "C3": 500,
                "C5": 485
            },
            "distribution": {
                "values": [
                    "B3",
                    "B4",
                    "B2",
                    "C1",
                    "B1",
                    "B5",
                    "C4",
                    "C2",
                    "C3",
                    "C5",
                    "A5",
                    "A4",
                    "D1",
                    "D2",
                    "D3",
                    "D4",
                    "A3",
                    "A2",
                    "A1",
                    "D5"
                ],
                "counts": [
                    819,
                    737,
                    639,
                    546,
                    532,
                    525,
                    508,
                    505,
                    500,
                    485,
                    474,
                    420,
                    368,
                    355,
                    298,
                    283,
                    281,
                    233,
                    231,
                    219
                ]
            }
        },
        "emp_title": {
            "unique_values": 8159,
            "top_values": {
                "Teacher": 35,
                "Manager": 33,
                "US Army": 23,
                "Bank of America": 22,
                "Registered Nurse": 20,
                "Supervisor": 19,
                "USAF": 18,
                "Kaiser Permanente": 16,
                "RN": 14,
                "Sales": 14
            },
            "distribution": {
                "values": [
                    "Teacher",
                    "Manager",
                    "US Army",
                    "Bank of America",
                    "Registered Nurse",
                    "Supervisor",
                    "USAF",
                    "Kaiser Permanente",
                    "RN",
                    "Sales",
                    "AT&T",
                    "Department of Defense",
                    "Office Manager",
                    "Director",
                    "United States Postal Service",
                    "Wells Fargo",
                    "US Postal Service",
                    "Walmart",
                    "Assistant Manager",
                    "IBM"
                ],
                "counts": [
                    35,
                    33,
                    23,
                    22,
                    20,
                    19,
                    18,
                    16,
                    14,
                    14,
                    14,
                    13,
                    13,
                    13,
                    12,
                    12,
                    12,
                    11,
                    11,
                    10
                ]
            }
        },
        "emp_length": {
            "unique_values": 11,
            "top_values": {
                "10+ years": 3068,
                "2 years": 954,
                "5 years": 794,
                "3 years": 752,
                "< 1 year": 735,
                "1 year": 653,
                "6 years": 621,
                "7 years": 592,
                "4 years": 591,
                "8 years": 455
            },
            "distribution": {
                "values": [
                    "10+ years",
                    "2 years",
                    "5 years",
                    "3 years",
                    "< 1 year",
                    "1 year",
                    "6 years",
                    "7 years",
                    "4 years",
                    "8 years",
                    "9 years"
                ],
                "counts": [
                    3068,
                    954,
                    794,
                    752,
                    735,
                    653,
                    621,
                    592,
                    591,
                    455,
                    401
                ]
            }
        },
        "home_ownership": {
            "unique_values": 5,
            "top_values": {
                "MORTGAGE": 5063,
                "RENT": 4082,
                "OWN": 844,
                "OTHER": 10,
                "NONE": 1
            },
            "distribution": {
                "values": [
                    "MORTGAGE",
                    "RENT",
                    "OWN",
                    "OTHER",
                    "NONE"
                ],
                "counts": [
                    5063,
                    4082,
                    844,
                    10,
                    1
                ]
            }
        },
        "verification_status": {
            "unique_values": 3,
            "top_values": {
                "Verified": 4466,
                "Not Verified": 3357,
                "Source Verified": 2177
            },
            "distribution": {
                "values": [
                    "Verified",
                    "Not Verified",
                    "Source Verified"
                ],
                "counts": [
                    4466,
                    3357,
                    2177
                ]
            }
        },
        "issue_d": {
            "unique_values": 69,
            "top_values": {
                "01-12-2013": 741,
                "01-10-2013": 736,
                "01-11-2013": 683,
                "01-08-2013": 622,
                "01-09-2013": 607,
                "01-07-2013": 583,
                "01-06-2013": 519,
                "01-05-2013": 516,
                "01-04-2013": 472,
                "01-03-2013": 394
            },
            "distribution": {
                "values": [
                    "01-12-2013",
                    "01-10-2013",
                    "01-11-2013",
                    "01-08-2013",
                    "01-09-2013",
                    "01-07-2013",
                    "01-06-2013",
                    "01-05-2013",
                    "01-04-2013",
                    "01-03-2013",
                    "01-02-2013",
                    "01-01-2013",
                    "01-11-2012",
                    "01-10-2012",
                    "01-09-2012",
                    "01-12-2012",
                    "01-08-2012",
                    "01-11-2011",
                    "01-10-2011",
                    "01-09-2011"
                ],
                "counts": [
                    741,
                    736,
                    683,
                    622,
                    607,
                    583,
                    519,
                    516,
                    472,
                    394,
                    382,
                    345,
                    337,
                    298,
                    287,
                    285,
                    208,
                    129,
                    107,
                    103
                ]
            }
        },
        "pymnt_plan": {
            "unique_values": 1,
            "top_values": {
                "n": 10000
            },
            "distribution": {
                "values": [
                    "n"
                ],
                "counts": [
                    10000
                ]
            }
        },
        "desc": {
            "unique_values": 4577,
            "top_values": {
                " ": 9,
                "  Borrower added on 08/19/13 > debt consolidation<br>": 3,
                "  Borrower added on 07/25/13 > Debt consolidation<br>": 2,
                "Debt Consolidation": 2,
                "  Borrower added on 02/10/13 > debt consolidation<br>": 2,
                "  Borrower added on 10/09/13 > To pay off credit cards<br>": 2,
                "  Borrower added on 08/21/13 > Debt consolidation<br>": 2,
                "  Borrower added on 02/26/13 > This is a loan to get out of debt faster and at lower rate than some credit cards that i have. this to me is a smart finacial decision.<br>": 1,
                "  Borrower added on 03/08/13 > I need to consolidate my debt and finally pay off my cards where the interest payments are just constantly increasing.<br>": 1,
                "  Borrower added on 02/24/13 > Loan is for consolidation of taxes, medical expenses and two other debts..  This will help to reduce my debt load and make it easier to pay my bills.<br>": 1
            },
            "distribution": {
                "values": [
                    " ",
                    "  Borrower added on 08/19/13 > debt consolidation<br>",
                    "  Borrower added on 07/25/13 > Debt consolidation<br>",
                    "Debt Consolidation",
                    "  Borrower added on 02/10/13 > debt consolidation<br>",
                    "  Borrower added on 10/09/13 > To pay off credit cards<br>",
                    "  Borrower added on 08/21/13 > Debt consolidation<br>",
                    "  Borrower added on 02/26/13 > This is a loan to get out of debt faster and at lower rate than some credit cards that i have. this to me is a smart finacial decision.<br>",
                    "  Borrower added on 03/08/13 > I need to consolidate my debt and finally pay off my cards where the interest payments are just constantly increasing.<br>",
                    "  Borrower added on 02/24/13 > Loan is for consolidation of taxes, medical expenses and two other debts..  This will help to reduce my debt load and make it easier to pay my bills.<br>",
                    "  Borrower added on 02/12/13 > Debt consolidation and refinance of existing debt.<br>",
                    "  Borrower added on 03/04/13 > pay off debt<br>",
                    "  Borrower added on 03/06/13 > I have been paying the minimum payment plus fifty dollars every month on a credit card for over five years.  I have only seen the balance go down one thousand dollars.  If I continue this trend, it will take me 55 years to pay it off.<br><br>  Borrower added on 03/12/13 > I have not missed a payment on any loan for the last 5 years and my job is stable.<br>",
                    "  Borrower added on 11/24/11 > This is the perfect way for me to be able my credit card debt since I feel in a very stable financial position now after a recent promotion on the company I have worked for over four years. It will allow me to pay my debt; and, at the same time, it will allow me to keep extra cash every month. Thank you for taking me on consideration for this opportunities.<br>",
                    "  Borrower added on 04/04/13 > I would like to consolidate all my debts into one account if possible so that I may be in better position in managing my financial matters going forward.<br>",
                    "  Borrower added on 03/25/13 > take care of credit card debt<br>",
                    "  Borrower added on 02/19/13 > I like to use the loan to pay off some other credit cards at higher interest rate<br><br> Borrower added on 02/19/13 > The loan is to pay off my other loans at a higher interest rate in credit card<br><br> Borrower added on 02/19/13 > The loans to pay off a credit cards and personal loan at a higher interest rate<br><br> Borrower added on 02/19/13 > to pay off three credit card in to one at a lower rate<br><br>  Borrower added on 02/20/13 > paying off a higher interest rate loans.<br>",
                    "  Borrower added on 03/11/13 > Trying to knock out balances on credit cards at low interest rates and without tapping into long term savings, etc.<br>",
                    "  Borrower added on 04/17/13 > Loan to fund a pool fence<br>",
                    "  Borrower added on 02/07/13 > I am have been trying to pay off my credit cards for years. With this loan it will enable me to follow through and save for retirement.<br>"
                ],
                "counts": [
                    9,
                    3,
                    2,
                    2,
                    2,
                    2,
                    2,
                    1,
                    1,
                    1,
                    1,
                    1,
                    1,
                    1,
                    1,
                    1,
                    1,
                    1,
                    1,
                    1
                ]
            }
        },
        "purpose": {
            "unique_values": 14,
            "top_values": {
                "debt_consolidation": 5668,
                "credit_card": 2199,
                "home_improvement": 601,
                "other": 542,
                "major_purchase": 253,
                "small_business": 177,
                "car": 152,
                "wedding": 95,
                "moving": 83,
                "medical": 80
            },
            "distribution": {
                "values": [
                    "debt_consolidation",
                    "credit_card",
                    "home_improvement",
                    "other",
                    "major_purchase",
                    "small_business",
                    "car",
                    "wedding",
                    "moving",
                    "medical",
                    "house",
                    "vacation",
                    "educational",
                    "renewable_energy"
                ],
                "counts": [
                    5668,
                    2199,
                    601,
                    542,
                    253,
                    177,
                    152,
                    95,
                    83,
                    80,
                    60,
                    54,
                    22,
                    14
                ]
            }
        },
        "title": {
            "unique_values": 4113,
            "top_values": {
                "Debt consolidation": 1055,
                "Debt Consolidation": 671,
                "Credit card refinancing": 399,
                "Consolidation": 238,
                "debt consolidation": 224,
                "Debt Consolidation Loan": 153,
                "Other": 113,
                "Home improvement": 101,
                "Credit Card Consolidation": 96,
                "consolidation": 93
            },
            "distribution": {
                "values": [
                    "Debt consolidation",
                    "Debt Consolidation",
                    "Credit card refinancing",
                    "Consolidation",
                    "debt consolidation",
                    "Debt Consolidation Loan",
                    "Other",
                    "Home improvement",
                    "Credit Card Consolidation",
                    "consolidation",
                    "Personal Loan",
                    "Consolidation Loan",
                    "Home Improvement",
                    "Consolidate",
                    "Credit Card Refinance",
                    "Credit Card Payoff",
                    "Personal",
                    "Loan",
                    "Major purchase",
                    "Business"
                ],
                "counts": [
                    1055,
                    671,
                    399,
                    238,
                    224,
                    153,
                    113,
                    101,
                    96,
                    93,
                    92,
                    86,
                    72,
                    59,
                    55,
                    54,
                    53,
                    49,
                    36,
                    35
                ]
            }
        },
        "zip_code": {
            "unique_values": 771,
            "top_values": {
                "112xx": 128,
                "900xx": 111,
                "945xx": 110,
                "750xx": 110,
                "606xx": 108,
                "331xx": 107,
                "300xx": 104,
                "070xx": 97,
                "921xx": 93,
                "100xx": 86
            },
            "distribution": {
                "values": [
                    "112xx",
                    "900xx",
                    "945xx",
                    "750xx",
                    "606xx",
                    "331xx",
                    "300xx",
                    "070xx",
                    "921xx",
                    "100xx",
                    "770xx",
                    "104xx",
                    "891xx",
                    "330xx",
                    "852xx",
                    "917xx",
                    "926xx",
                    "117xx",
                    "913xx",
                    "941xx"
                ],
                "counts": [
                    128,
                    111,
                    110,
                    110,
                    108,
                    107,
                    104,
                    97,
                    93,
                    86,
                    81,
                    76,
                    74,
                    74,
                    74,
                    69,
                    65,
                    63,
                    62,
                    62
                ]
            }
        },
        "addr_state": {
            "unique_values": 46,
            "top_values": {
                "CA": 1675,
                "NY": 856,
                "TX": 759,
                "FL": 702,
                "NJ": 398,
                "IL": 395,
                "PA": 336,
                "GA": 330,
                "VA": 320,
                "OH": 320
            },
            "distribution": {
                "values": [
                    "CA",
                    "NY",
                    "TX",
                    "FL",
                    "NJ",
                    "IL",
                    "PA",
                    "GA",
                    "VA",
                    "OH",
                    "NC",
                    "AZ",
                    "MA",
                    "CO",
                    "MI",
                    "WA",
                    "MD",
                    "MN",
                    "AL",
                    "MO"
                ],
                "counts": [
                    1675,
                    856,
                    759,
                    702,
                    398,
                    395,
                    336,
                    330,
                    320,
                    320,
                    284,
                    239,
                    236,
                    230,
                    230,
                    226,
                    221,
                    173,
                    154,
                    148
                ]
            }
        },
        "earliest_cr_line": {
            "unique_values": 483,
            "top_values": {
                "01-10-2000": 93,
                "01-10-1999": 86,
                "01-10-2001": 84,
                "01-11-1999": 81,
                "01-01-2000": 80,
                "01-12-2000": 79,
                "01-11-1998": 77,
                "01-11-2000": 77,
                "01-09-1999": 77,
                "01-10-2002": 74
            },
            "distribution": {
                "values": [
                    "01-10-2000",
                    "01-10-1999",
                    "01-10-2001",
                    "01-11-1999",
                    "01-01-2000",
                    "01-12-2000",
                    "01-11-1998",
                    "01-11-2000",
                    "01-09-1999",
                    "01-10-2002",
                    "01-06-2000",
                    "01-08-2000",
                    "01-12-1998",
                    "01-12-1999",
                    "01-08-1999",
                    "01-01-1999",
                    "01-07-2000",
                    "01-09-2000",
                    "01-09-2001",
                    "01-12-1997"
                ],
                "counts": [
                    93,
                    86,
                    84,
                    81,
                    80,
                    79,
                    77,
                    77,
                    77,
                    74,
                    73,
                    72,
                    71,
                    70,
                    68,
                    68,
                    67,
                    66,
                    64,
                    64
                ]
            }
        },
        "initial_list_status": {
            "unique_values": 2,
            "top_values": {
                "f": 8042,
                "w": 1958
            },
            "distribution": {
                "values": [
                    "f",
                    "w"
                ],
                "counts": [
                    8042,
                    1958
                ]
            }
        },
        "last_pymnt_d": {
            "unique_values": 86,
            "top_values": {
                "01-01-2016": 2572,
                "01-12-2015": 885,
                "01-10-2015": 246,
                "01-10-2014": 243,
                "01-07-2014": 226,
                "01-07-2015": 223,
                "01-06-2014": 222,
                "01-08-2015": 220,
                "01-04-2015": 218,
                "01-08-2014": 217
            },
            "distribution": {
                "values": [
                    "01-01-2016",
                    "01-12-2015",
                    "01-10-2015",
                    "01-10-2014",
                    "01-07-2014",
                    "01-07-2015",
                    "01-06-2014",
                    "01-08-2015",
                    "01-04-2015",
                    "01-08-2014",
                    "01-12-2014",
                    "01-03-2014",
                    "01-05-2014",
                    "01-03-2015",
                    "01-09-2014",
                    "01-09-2015",
                    "01-11-2014",
                    "01-01-2015",
                    "01-11-2015",
                    "01-06-2015"
                ],
                "counts": [
                    2572,
                    885,
                    246,
                    243,
                    226,
                    223,
                    222,
                    220,
                    218,
                    217,
                    212,
                    209,
                    203,
                    202,
                    201,
                    200,
                    192,
                    191,
                    191,
                    187
                ]
            }
        },
        "next_pymnt_d": {
            "unique_values": 2,
            "top_values": {
                "01-02-2016": 2784,
                "01-01-2016": 369
            },
            "distribution": {
                "values": [
                    "01-02-2016",
                    "01-01-2016"
                ],
                "counts": [
                    2784,
                    369
                ]
            }
        },
        "last_credit_pull_d": {
            "unique_values": 84,
            "top_values": {
                "01-01-2016": 5812,
                "01-12-2015": 344,
                "01-11-2015": 227,
                "01-09-2015": 224,
                "01-10-2015": 189,
                "01-08-2015": 178,
                "01-07-2015": 169,
                "01-04-2015": 151,
                "01-05-2015": 151,
                "01-01-2015": 131
            },
            "distribution": {
                "values": [
                    "01-01-2016",
                    "01-12-2015",
                    "01-11-2015",
                    "01-09-2015",
                    "01-10-2015",
                    "01-08-2015",
                    "01-07-2015",
                    "01-04-2015",
                    "01-05-2015",
                    "01-01-2015",
                    "01-10-2014",
                    "01-03-2015",
                    "01-11-2014",
                    "01-08-2014",
                    "01-07-2014",
                    "01-06-2015",
                    "01-12-2014",
                    "01-02-2015",
                    "01-09-2014",
                    "01-06-2014"
                ],
                "counts": [
                    5812,
                    344,
                    227,
                    224,
                    189,
                    178,
                    169,
                    151,
                    151,
                    131,
                    129,
                    125,
                    125,
                    118,
                    117,
                    115,
                    113,
                    109,
                    104,
                    88
                ]
            }
        },
        "application_type": {
            "unique_values": 1,
            "top_values": {
                "INDIVIDUAL": 10000
            },
            "distribution": {
                "values": [
                    "INDIVIDUAL"
                ],
                "counts": [
                    10000
                ]
            }
        }
    },
    "numerical_columns": [
        "id",
        "member_id",
        "loan_amnt",
        "funded_amnt",
        "funded_amnt_inv",
        "int_rate",
        "installment",
        "annual_inc",
        "dti",
        "delinq_2yrs",
        "inq_last_6mths",
        "mths_since_last_delinq",
        "mths_since_last_record",
        "open_acc",
        "pub_rec",
        "revol_bal",
        "revol_util",
        "total_acc",
        "out_prncp",
        "out_prncp_inv",
        "total_pymnt",
        "total_pymnt_inv",
        "total_rec_prncp",
        "total_rec_int",
        "total_rec_late_fee",
        "recoveries",
        "collection_recovery_fee",
        "last_pymnt_amnt",
        "collections_12_mths_ex_med",
        "mths_since_last_major_derog",
        "policy_code",
        "annual_inc_joint",
        "dti_joint",
        "verification_status_joint",
        "acc_now_delinq",
        "tot_coll_amt",
        "tot_cur_bal",
        "open_acc_6m",
        "open_il_6m",
        "open_il_12m",
        "open_il_24m",
        "mths_since_rcnt_il",
        "total_bal_il",
        "il_util",
        "open_rv_12m",
        "open_rv_24m",
        "max_bal_bc",
        "all_util",
        "total_rev_hi_lim",
        "inq_fi",
        "total_cu_tl",
        "inq_last_12m",
        "default_ind"
    ],
    "categorical_columns": [
        "term",
        "grade",
        "sub_grade",
        "emp_title",
        "emp_length",
        "home_ownership",
        "verification_status",
        "issue_d",
        "pymnt_plan",
        "desc",
        "purpose",
        "title",
        "zip_code",
        "addr_state",
        "earliest_cr_line",
        "initial_list_status",
        "last_pymnt_d",
        "next_pymnt_d",
        "last_credit_pull_d",
        "application_type"
    ]
}